<?xml version="1.0" encoding="UTF-8"?>
<!DOCTYPE mapper PUBLIC "-//mybatis.org//DTD Mapper 3.0//EN" "http://mybatis.org/dtd/mybatis-3-mapper.dtd">
<mapper namespace="notice"> 
	<resultMap id="noticeResultMap" type="com.ssafy.emp.NoticeVO">
         <result property="notice_idx" column="notice_idx"/>
         <result property="title" column="title"/>
         <result property="date" column="date"/>
         <result property="category" column="category"/>
         <result property="user" column="user"/>
         <result property="content" column="content"/>
         <result property="attached_file" column="attached_file"/>
         <result property="isDeleted" column="isDeleted"/>
         <result property="view" column="views"/>
    </resultMap>

	<insert id="NoticeInsert" parameterType="com.ssafy.emp.NoticeVO" > 
		insert into notice_info(TITLE, DATE, CATEGORY, USER, CONTENT, ATTACHED_FILE, ISDELETED, VIEWS) 
		values(#{title},curdate(),#{category},#{user}
		,#{content},#{attached_file},#{isDeleted},#{view})
	</insert>  
	<select id="NoticeName" resultType="com.ssafy.emp.NoticeVO" resultMap="noticeResultMap">
		select NOTICE_IDX, TITLE, DATE, CATEGORY, USER, CONTENT, ATTACHED_FILE, ISDELETED, VIEWS from notice_info
	</select>
	<select id="NoticeNameByIdx" resultType="com.ssafy.emp.NoticeVO" resultMap="noticeResultMap">
		select NOTICE_IDX, TITLE, DATE, CATEGORY, USER, CONTENT, ATTACHED_FILE, ISDELETED, VIEWS from notice_info where NOTICE_IDX = #{notice_idx}
	</select>
	<delete id="NoticeDelete">
		DELETE from notice_info WHERE notice_idx = #{notice_idx}
	</delete>
	<update id="NoticeUpdate" parameterType="com.ssafy.emp.NoticeVO">
		update notice_info set TITLE = #{title},DATE = curdate(),CATEGORY=#{category}
		,CONTENT=#{content},ATTACHED_FILE=#{attached_file},VIEWS=#{view} where NOTICE_IDX = #{notice_idx};
	</update>
	
	<select id="getAllMemberInfo" resultType="com.ssafy.vo.MemberInfoVO">
		select * from member_info
	</select>
	
	<select id="searchMember" parameterType="com.ssafy.vo.MemberInfoVO" resultType="com.ssafy.vo.MemberInfoVO">
		select id from member_info where (id = #{id} and password = #{pw})
	</select>
	
	<insert id="addMember"  parameterType="com.ssafy.vo.MemberInfoVO">
		insert into member_info (id, password,name,allergy) values(#{id}, #{pw}, #{name}, #{allergy})
	</insert>
	
	<update id="updateMember" parameterType="com.ssafy.vo.MemberInfoVO">
		update member_info set password = #{pw}, name= #{name}, allergy= #{allergy} where id = #{id}
	</update>
	
	<delete id="deleteMember" parameterType="com.ssafy.vo.MemberInfoVO">
		delete from member_info where id = #{id}
	</delete>
	
		<select id="getAllFood" resultType="com.ssafy.vo.Food">
		select code, name, supportpereat, calory, carbo, protein, fat, sugar, natrium, chole, fattyacid, transfat, maker, material, img, allergy, views from food
	</select>
	
	<select id="searchFood" parameterType="com.ssafy.vo.Food" resultType="com.ssafy.vo.Food">
		select code, name, supportpereat, calory, carbo, protein, fat, sugar, natrium, chole, fattyacid, transfat, maker, material, img, allergy, views from food where code = #{code}
	</select>
	
	<insert id="addFood"  parameterType="com.ssafy.vo.Food">
		insert into food (code, name, supportpereat, calory, carbo, protein, fat, sugar, natrium, chole, fattyacid, transfat, maker, material, img, allergy, views) values(code = #{code}, name = #{name}, supportpereat = #{supportpereat}, calory = #{calory}, carbo = #{carbo}, protein = #{protein}, fat = #{fat}, sugar = #{sugar}, natrium = #{natrium}, chole = #{chole}, fattyacid = #{fattyacid}, transfat = #{transfat}, maker = #{maker}, material = #{material}, img = #{img}, allergy = #{allergy}, views = #{views})
	</insert>
	
	<update id="updateFood" parameterType="com.ssafy.vo.Food">
		update food set name = #{name}, supportpereat = #{supportpereat}, calory = #{calory}, carbo = #{carbo}, protein = #{protein}, fat = #{fat}, sugar = #{sugar}, natrium = #{natrium}, chole = #{chole}, fattyacid = #{fattyacid}, transfat = #{transfat}, maker = #{maker}, material = #{material}, img = #{img}, allergy = #{allergy}, views = #{views} where code = #{code}
	</update>
	
	<delete id="deleteFood" parameterType="com.ssafy.vo.Food">
		delete from food where code = #{code}
	</delete>
</mapper>
