<?xml version="1.0" encoding="UTF-8"?>
<!DOCTYPE mapper PUBLIC "-//mybatis.org//DTD Mapper 3.0//EN" "http://mybatis.org/dtd/mybatis-3-mapper.dtd">
<mapper namespace="food"> 
	<select id="searchFood" parameterType="com.ssafy.vo.Food" resultType="com.ssafy.vo.Food">
		select code, name, supportpereat, calory, carbo, protein, fat, sugar, natrium, chole, fattyacid, transfat, maker, material, img, allergy, views from food where code = #{code}
	</select>
	
	<select id="getAllFood" parameterType="com.ssafy.vo.Food" resultType="com.ssafy.vo.Food">
		select code, name, supportpereat, calory, carbo, protein, fat, sugar, natrium, chole, fattyacid, transfat, maker, material, img, allergy, views from food
	</select>
	
	<insert id="addFood"  parameterType="com.ssafy.vo.Food">
		insert into food (code, name, supportpereat, calory, carbo, protein, fat, sugar, natrium, chole, fattyacid, transfat, maker, material, img, allergy, views) values(code = #{code}, name = #{name}, supportpereat = #{supportpereat}, calory = #{calory}, carbo = #{carbo}, protein = #{protein}, fat = #{fat}, sugar = #{sugar}, natrium = #{natrium}, chole = #{chole}, fattyacid = #{fattyacid}, transfat = #{transfat}, maker = #{maker}, material = #{material}, img = #{img}, allergy = #{allergy}, views = #{views})
	</insert>
	
	<update id="updateFood" parameterType="com.ssafy.vo.Food">
		update food set name = #{name}, supportpereat = #{supportpereat}, calory = #{calory}, carbo = #{carbo}, protein = #{protein}, fat = #{fat}, sugar = #{sugar}, natrium = #{natrium}, chole = #{chole}, fattyacid = #{fattyacid}, transfat = #{transfat}, maker = #{maker}, material = #{material}, img = #{img}, allergy = #{allergy}, views = #{views} where code = #{code}
	</update>
	
	<delete id="deleteFood" parameterType="com.ssafy.vo.Food">
		delete from food where code = #{code}
	</delete>
</mapper>